D,S,J,Q,ho_ratio,do_ratio,hc_ratio,hz_ratio,du_ratio,Hi,y
500,60000,4.7,15,0.67,0.47,2.5,2.5,0.58892,1,0
500,60000,4.7,15,0.67,0.47,2.5,2.5,0.58892,2,10971.79
500,60000,4.7,15,0.67,0.47,2.5,2.5,0.58892,3,17695.0996
500,60000,4.7,15,0.67,0.47,2.5,2.5,0.58892,4,16760.1309
500,60000,4.7,15,0.67,0.47,2.5,2.5,0.58892,5,16255.3604
500,60000,4.7,15,0.67,0.47,2.5,2.5,0.58892,6,15551.1201
500,60000,4.7,15,0.67,0.47,2.5,2.5,0.58892,7,18324.4297
500,60000,4.7,15,0.67,0.47,2.5,2.5,0.58892,8,19488.1992
500,60000,4.7,15,0.67,0.47,2.5,2.5,0.58892,9,17852.1094
500,60000,4.7,15,0.67,0.47,2.5,2.5,0.58892,10,21229.1602
500,60000,4.7,15,0.67,0.47,2.5,2.5,0.58892,11,26700
500,60000,4.7,15,0.67,0.47,2.5,2.5,0.58892,12,22400
500,60000,4.7,20,0.67,0.47,2.5,2.5,0.58892,1,0
500,60000,4.7,20,0.67,0.47,2.5,2.5,0.58892,2,9220
500,60000,4.7,20,0.67,0.47,2.5,2.5,0.58892,3,25800
500,60000,4.7,20,0.67,0.47,2.5,2.5,0.58892,4,21600
500,60000,4.7,20,0.67,0.47,2.5,2.5,0.58892,5,24300
500,60000,4.7,20,0.67,0.47,2.5,2.5,0.58892,6,24800
500,60000,4.7,20,0.67,0.47,2.5,2.5,0.58892,7,22200
500,60000,4.7,20,0.67,0.47,2.5,2.5,0.58892,8,22600
500,60000,4.7,20,0.67,0.47,2.5,2.5,0.58892,9,29100
500,60000,4.7,20,0.67,0.47,2.5,2.5,0.58892,10,28100
500,60000,4.7,20,0.67,0.47,2.5,2.5,0.58892,11,30400
500,60000,4.7,20,0.67,0.47,2.5,2.5,0.58892,12,34300
500,60000,4.7,25,0.67,0.47,2.5,2.5,0.58892,1,0
500,60000,4.7,25,0.67,0.47,2.5,2.5,0.58892,2,12714.0498
500,60000,4.7,25,0.67,0.47,2.5,2.5,0.58892,3,31879.6191
500,60000,4.7,25,0.67,0.47,2.5,2.5,0.58892,4,26990.3398
500,60000,4.7,25,0.67,0.47,2.5,2.5,0.58892,5,30575.2109
500,60000,4.7,25,0.67,0.47,2.5,2.5,0.58892,6,28552.9805
500,60000,4.7,25,0.67,0.47,2.5,2.5,0.58892,7,26860.8809
500,60000,4.7,25,0.67,0.47,2.5,2.5,0.58892,8,32908.2813
500,60000,4.7,25,0.67,0.47,2.5,2.5,0.58892,9,36399.6094
500,60000,4.7,25,0.67,0.47,2.5,2.5,0.58892,10,38258.8516
500,60000,4.7,25,0.67,0.47,2.5,2.5,0.58892,11,44000
500,60000,4.7,25,0.67,0.47,2.5,2.5,0.58892,12,46900
500,60000,4.7,30,0.67,0.47,2.5,2.5,0.58892,1,0
500,60000,4.7,30,0.67,0.47,2.5,2.5,0.58892,2,12099.6602
500,60000,4.7,30,0.67,0.47,2.5,2.5,0.58892,3,34707.75
500,60000,4.7,30,0.67,0.47,2.5,2.5,0.58892,4,31237.4805
500,60000,4.7,30,0.67,0.47,2.5,2.5,0.58892,5,33935.8516
500,60000,4.7,30,0.67,0.47,2.5,2.5,0.58892,6,31110.25
500,60000,4.7,30,0.67,0.47,2.5,2.5,0.58892,7,38137.1914
500,60000,4.7,30,0.67,0.47,2.5,2.5,0.58892,8,39907.7617
500,60000,4.7,30,0.67,0.47,2.5,2.5,0.58892,9,47088.8711
500,60000,4.7,30,0.67,0.47,2.5,2.5,0.58892,10,49571.0898
500,60000,4.7,30,0.67,0.47,2.5,2.5,0.58892,11,55300
500,60000,4.7,30,0.67,0.47,2.5,2.5,0.58892,12,50200
500,60000,4.7,35,0.67,0.47,2.5,2.5,0.58892,1,0
500,60000,4.7,35,0.67,0.47,2.5,2.5,0.58892,2,17916.2695
500,60000,4.7,35,0.67,0.47,2.5,2.5,0.58892,3,45463.3711
500,60000,4.7,35,0.67,0.47,2.5,2.5,0.58892,4,37896.8789
500,60000,4.7,35,0.67,0.47,2.5,2.5,0.58892,5,41053.0586
500,60000,4.7,35,0.67,0.47,2.5,2.5,0.58892,6,36279.8516
500,60000,4.7,35,0.67,0.47,2.5,2.5,0.58892,7,39275.2383
500,60000,4.7,35,0.67,0.47,2.5,2.5,0.58892,8,43066.0391
500,60000,4.7,35,0.67,0.47,2.5,2.5,0.58892,9,55486.5195
500,60000,4.7,35,0.67,0.47,2.5,2.5,0.58892,10,58033.4219
500,60000,4.7,35,0.67,0.47,2.5,2.5,0.58892,11,65000
500,60000,4.7,35,0.67,0.47,2.5,2.5,0.58892,12,52600
500,60000,4.7,10,0.53,0.47,2.5,2.5,0.58892,1,0
500,60000,4.7,10,0.53,0.47,2.5,2.5,0.58892,2,10089.9404
500,60000,4.7,10,0.53,0.47,2.5,2.5,0.58892,3,12060.4404
500,60000,4.7,10,0.53,0.47,2.5,2.5,0.58892,4,10362.5
500,60000,4.7,10,0.53,0.47,2.5,2.5,0.58892,5,11108.9805
500,60000,4.7,10,0.53,0.47,2.5,2.5,0.58892,6,11506.7598
500,60000,4.7,10,0.53,0.47,2.5,2.5,0.58892,7,10066.9697
500,60000,4.7,10,0.53,0.47,2.5,2.5,0.58892,8,11017.21
500,60000,4.7,10,0.53,0.47,2.5,2.5,0.58892,9,12046.25
500,60000,4.7,10,0.53,0.47,2.5,2.5,0.58892,10,12702.4902
500,60000,4.7,10,0.53,0.47,2.5,2.5,0.58892,11,19000
500,60000,4.7,10,0.53,0.47,2.5,2.5,0.58892,12,14000
500,60000,4.7,15,0.53,0.47,2.5,2.5,0.58892,1,0
500,60000,4.7,15,0.53,0.47,2.5,2.5,0.58892,2,16775.3398
500,60000,4.7,15,0.53,0.47,2.5,2.5,0.58892,3,18463.5293
500,60000,4.7,15,0.53,0.47,2.5,2.5,0.58892,4,17876.6895
500,60000,4.7,15,0.53,0.47,2.5,2.5,0.58892,5,18245.6797
500,60000,4.7,15,0.53,0.47,2.5,2.5,0.58892,6,17909.5703
500,60000,4.7,15,0.53,0.47,2.5,2.5,0.58892,7,15245.8799
500,60000,4.7,15,0.53,0.47,2.5,2.5,0.58892,8,17834.3906
500,60000,4.7,15,0.53,0.47,2.5,2.5,0.58892,9,19007.3594
500,60000,4.7,15,0.53,0.47,2.5,2.5,0.58892,10,19445.4004
500,60000,4.7,15,0.53,0.47,2.5,2.5,0.58892,11,22700
500,60000,4.7,15,0.53,0.47,2.5,2.5,0.58892,12,25000
500,60000,4.7,20,0.53,0.47,2.5,2.5,0.58892,1,0
500,60000,4.7,20,0.53,0.47,2.5,2.5,0.58892,2,21424.2695
500,60000,4.7,20,0.53,0.47,2.5,2.5,0.58892,3,23293.1094
500,60000,4.7,20,0.53,0.47,2.5,2.5,0.58892,4,24693.4902
500,60000,4.7,20,0.53,0.47,2.5,2.5,0.58892,5,23075.0996
500,60000,4.7,20,0.53,0.47,2.5,2.5,0.58892,6,23893.2891
500,60000,4.7,20,0.53,0.47,2.5,2.5,0.58892,7,23104.3691
500,60000,4.7,20,0.53,0.47,2.5,2.5,0.58892,8,24224.2598
500,60000,4.7,20,0.53,0.47,2.5,2.5,0.58892,9,25913.7305
500,60000,4.7,20,0.53,0.47,2.5,2.5,0.58892,10,25389.9805
500,60000,4.7,20,0.53,0.47,2.5,2.5,0.58892,11,28600
500,60000,4.7,20,0.53,0.47,2.5,2.5,0.58892,12,33600
500,60000,4.7,25,0.53,0.47,2.5,2.5,0.58892,1,0
500,60000,4.7,25,0.53,0.47,2.5,2.5,0.58892,2,27246.5293
500,60000,4.7,25,0.53,0.47,2.5,2.5,0.58892,3,29375.4297
500,60000,4.7,25,0.53,0.47,2.5,2.5,0.58892,4,32648.8906
500,60000,4.7,25,0.53,0.47,2.5,2.5,0.58892,5,25051.3496
500,60000,4.7,25,0.53,0.47,2.5,2.5,0.58892,6,28919.5
500,60000,4.7,25,0.53,0.47,2.5,2.5,0.58892,7,29957.5996
500,60000,4.7,25,0.53,0.47,2.5,2.5,0.58892,8,29899.7793
500,60000,4.7,25,0.53,0.47,2.5,2.5,0.58892,9,30131.7793
500,60000,4.7,25,0.53,0.47,2.5,2.5,0.58892,10,31234.0703
500,60000,4.7,25,0.53,0.47,2.5,2.5,0.58892,11,38300
500,60000,4.7,25,0.53,0.47,2.5,2.5,0.58892,12,44200
500,60000,4.7,30,0.53,0.47,2.5,2.5,0.58892,1,0
500,60000,4.7,30,0.53,0.47,2.5,2.5,0.58892,2,33117.2695
500,60000,4.7,30,0.53,0.47,2.5,2.5,0.58892,3,38893.9805
500,60000,4.7,30,0.53,0.47,2.5,2.5,0.58892,4,36757.1484
500,60000,4.7,30,0.53,0.47,2.5,2.5,0.58892,5,33777.5898
500,60000,4.7,30,0.53,0.47,2.5,2.5,0.58892,6,42019.7109
500,60000,4.7,30,0.53,0.47,2.5,2.5,0.58892,7,37763.4414
500,60000,4.7,30,0.53,0.47,2.5,2.5,0.58892,8,35607.3008
500,60000,4.7,30,0.53,0.47,2.5,2.5,0.58892,9,42004.0703
500,60000,4.7,30,0.53,0.47,2.5,2.5,0.58892,10,39813.7813
500,60000,4.7,30,0.53,0.47,2.5,2.5,0.58892,11,53900
500,60000,4.7,30,0.53,0.47,2.5,2.5,0.58892,12,46300
500,60000,4.7,35,0.53,0.47,2.5,2.5,0.58892,1,0
500,60000,4.7,35,0.53,0.47,2.5,2.5,0.58892,2,37863.0781
500,60000,4.7,35,0.53,0.47,2.5,2.5,0.58892,3,44522.8789
500,60000,4.7,35,0.53,0.47,2.5,2.5,0.58892,4,43660.9609
500,60000,4.7,35,0.53,0.47,2.5,2.5,0.58892,5,42639.7188
500,60000,4.7,35,0.53,0.47,2.5,2.5,0.58892,6,43422.3711
500,60000,4.7,35,0.53,0.47,2.5,2.5,0.58892,7,43349.2383
500,60000,4.7,35,0.53,0.47,2.5,2.5,0.58892,8,41255.1016
500,60000,4.7,35,0.53,0.47,2.5,2.5,0.58892,9,44639.7695
500,60000,4.7,35,0.53,0.47,2.5,2.5,0.58892,10,50039.9414
500,60000,4.7,35,0.53,0.47,2.5,2.5,0.58892,11,62900
500,60000,4.7,35,0.53,0.47,2.5,2.5,0.58892,12,60000
500,60000,4.7,10,0.6,0.47,2.5,2.5,0.58892,1,0
500,60000,4.7,10,0.6,0.47,2.5,2.5,0.58892,2,3241.39404
500,60000,4.7,10,0.6,0.47,2.5,2.5,0.58892,3,12061.9697
500,60000,4.7,10,0.6,0.47,2.5,2.5,0.58892,4,11015.9502
500,60000,4.7,10,0.6,0.47,2.5,2.5,0.58892,5,12920.9805
500,60000,4.7,10,0.6,0.47,2.5,2.5,0.58892,6,10989.2305
500,60000,4.7,10,0.6,0.47,2.5,2.5,0.58892,7,9544.38867
500,60000,4.7,10,0.6,0.47,2.5,2.5,0.58892,8,10669.9297
500,60000,4.7,10,0.6,0.47,2.5,2.5,0.58892,9,12932.4004
500,60000,4.7,10,0.6,0.47,2.5,2.5,0.58892,10,12840.4004
500,60000,4.7,10,0.6,0.47,2.5,2.5,0.58892,11,13900
500,60000,4.7,10,0.6,0.47,2.5,2.5,0.58892,12,16000
500,60000,4.7,15,0.6,0.47,2.5,2.5,0.58892,1,0
500,60000,4.7,15,0.6,0.47,2.5,2.5,0.58892,2,6377.02295
500,60000,4.7,15,0.6,0.47,2.5,2.5,0.58892,3,15456.4199
500,60000,4.7,15,0.6,0.47,2.5,2.5,0.58892,4,17225.9199
500,60000,4.7,15,0.6,0.47,2.5,2.5,0.58892,5,16497.1094
500,60000,4.7,15,0.6,0.47,2.5,2.5,0.58892,6,18988.2109
500,60000,4.7,15,0.6,0.47,2.5,2.5,0.58892,7,16297.3203
500,60000,4.7,15,0.6,0.47,2.5,2.5,0.58892,8,17320.1895
500,60000,4.7,15,0.6,0.47,2.5,2.5,0.58892,9,18851.5508
500,60000,4.7,15,0.6,0.47,2.5,2.5,0.58892,10,21967.0801
500,60000,4.7,15,0.6,0.47,2.5,2.5,0.58892,11,22800
500,60000,4.7,15,0.6,0.47,2.5,2.5,0.58892,12,21100
500,60000,4.7,20,0.6,0.47,2.5,2.5,0.58892,1,0
500,60000,4.7,20,0.6,0.47,2.5,2.5,0.58892,2,8074.61816
500,60000,4.7,20,0.6,0.47,2.5,2.5,0.58892,3,24799.3301
500,60000,4.7,20,0.6,0.47,2.5,2.5,0.58892,4,28627.0703
500,60000,4.7,20,0.6,0.47,2.5,2.5,0.58892,5,27044.4395
500,60000,4.7,20,0.6,0.47,2.5,2.5,0.58892,6,25609.0801
500,60000,4.7,20,0.6,0.47,2.5,2.5,0.58892,7,24262.0898
500,60000,4.7,20,0.6,0.47,2.5,2.5,0.58892,8,24707.7695
500,60000,4.7,20,0.6,0.47,2.5,2.5,0.58892,9,26169.7305
500,60000,4.7,20,0.6,0.47,2.5,2.5,0.58892,10,28275.5605
500,60000,4.7,20,0.6,0.47,2.5,2.5,0.58892,11,33600
500,60000,4.7,20,0.6,0.47,2.5,2.5,0.58892,12,34700
500,60000,4.7,25,0.6,0.47,2.5,2.5,0.58892,1,0
500,60000,4.7,25,0.6,0.47,2.5,2.5,0.58892,2,11782.7695
500,60000,4.7,25,0.6,0.47,2.5,2.5,0.58892,3,31294.5703
500,60000,4.7,25,0.6,0.47,2.5,2.5,0.58892,4,36865.9883
500,60000,4.7,25,0.6,0.47,2.5,2.5,0.58892,5,31004.8008
500,60000,4.7,25,0.6,0.47,2.5,2.5,0.58892,6,26935.5195
500,60000,4.7,25,0.6,0.47,2.5,2.5,0.58892,7,32388.5996
500,60000,4.7,25,0.6,0.47,2.5,2.5,0.58892,8,32975.6602
500,60000,4.7,25,0.6,0.47,2.5,2.5,0.58892,9,30825.9199
500,60000,4.7,25,0.6,0.47,2.5,2.5,0.58892,10,35777.8398
500,60000,4.7,25,0.6,0.47,2.5,2.5,0.58892,11,40500
500,60000,4.7,25,0.6,0.47,2.5,2.5,0.58892,12,39200
500,60000,4.7,30,0.6,0.47,2.5,2.5,0.58892,1,0
500,60000,4.7,30,0.6,0.47,2.5,2.5,0.58892,2,13731.1699
500,60000,4.7,30,0.6,0.47,2.5,2.5,0.58892,3,32114
500,60000,4.7,30,0.6,0.47,2.5,2.5,0.58892,4,39388.9102
500,60000,4.7,30,0.6,0.47,2.5,2.5,0.58892,5,37095.8281
500,60000,4.7,30,0.6,0.47,2.5,2.5,0.58892,6,37807.0391
500,60000,4.7,30,0.6,0.47,2.5,2.5,0.58892,7,41419.0391
500,60000,4.7,30,0.6,0.47,2.5,2.5,0.58892,8,38097.8398
500,60000,4.7,30,0.6,0.47,2.5,2.5,0.58892,9,36602.9492
500,60000,4.7,30,0.6,0.47,2.5,2.5,0.58892,10,43543.8008
500,60000,4.7,30,0.6,0.47,2.5,2.5,0.58892,11,51000
500,60000,4.7,30,0.6,0.47,2.5,2.5,0.58892,12,48300
500,60000,4.7,15,0.74,0.47,2.5,2.5,0.58892,1,0
500,60000,4.7,15,0.74,0.47,2.5,2.5,0.58892,2,5991.61621
500,60000,4.7,15,0.74,0.47,2.5,2.5,0.58892,3,15680.0303
500,60000,4.7,15,0.74,0.47,2.5,2.5,0.58892,4,18282.1895
500,60000,4.7,15,0.74,0.47,2.5,2.5,0.58892,5,17798.9395
500,60000,4.7,15,0.74,0.47,2.5,2.5,0.58892,6,15635.9004
500,60000,4.7,15,0.74,0.47,2.5,2.5,0.58892,7,16041.3799
500,60000,4.7,15,0.74,0.47,2.5,2.5,0.58892,8,17273.4492
500,60000,4.7,15,0.74,0.47,2.5,2.5,0.58892,9,18656.5898
500,60000,4.7,15,0.74,0.47,2.5,2.5,0.58892,10,20315.0605
500,60000,4.7,15,0.74,0.47,2.5,2.5,0.58892,11,24500
500,60000,4.7,15,0.74,0.47,2.5,2.5,0.58892,12,26500
500,60000,4.7,20,0.74,0.47,2.5,2.5,0.58892,1,0
500,60000,4.7,20,0.74,0.47,2.5,2.5,0.58892,2,8031.72119
500,60000,4.7,20,0.74,0.47,2.5,2.5,0.58892,3,21644.8105
500,60000,4.7,20,0.74,0.47,2.5,2.5,0.58892,4,23539.2305
500,60000,4.7,20,0.74,0.47,2.5,2.5,0.58892,5,23767.1309
500,60000,4.7,20,0.74,0.47,2.5,2.5,0.58892,6,25123.5098
500,60000,4.7,20,0.74,0.47,2.5,2.5,0.58892,7,24739.5293
500,60000,4.7,20,0.74,0.47,2.5,2.5,0.58892,8,23848.25
500,60000,4.7,20,0.74,0.47,2.5,2.5,0.58892,9,23639.75
500,60000,4.7,20,0.74,0.47,2.5,2.5,0.58892,10,29349.0703
500,60000,4.7,20,0.74,0.47,2.5,2.5,0.58892,11,32200
500,60000,4.7,20,0.74,0.47,2.5,2.5,0.58892,12,32100
500,60000,4.7,10,0.67,0.33,2.5,2.5,0.58892,1,0
500,60000,4.7,10,0.67,0.33,2.5,2.5,0.58892,2,2604.72803
500,60000,4.7,10,0.67,0.33,2.5,2.5,0.58892,3,11611.0498
500,60000,4.7,10,0.67,0.33,2.5,2.5,0.58892,4,11150.0801
500,60000,4.7,10,0.67,0.33,2.5,2.5,0.58892,5,10702.75
500,60000,4.7,10,0.67,0.33,2.5,2.5,0.58892,6,10790.9697
500,60000,4.7,10,0.67,0.33,2.5,2.5,0.58892,7,9676.5293
500,60000,4.7,10,0.67,0.33,2.5,2.5,0.58892,8,12318.5195
500,60000,4.7,10,0.67,0.33,2.5,2.5,0.58892,9,13278.6201
500,60000,4.7,10,0.67,0.33,2.5,2.5,0.58892,10,13334.5703
500,60000,4.7,10,0.67,0.33,2.5,2.5,0.58892,11,16300
500,60000,4.7,10,0.67,0.33,2.5,2.5,0.58892,12,17300
500,60000,4.7,10,0.67,0.4,2.5,2.5,0.58892,1,0
500,60000,4.7,10,0.67,0.4,2.5,2.5,0.58892,2,4765.64111
500,60000,4.7,10,0.67,0.4,2.5,2.5,0.58892,3,12786.9902
500,60000,4.7,10,0.67,0.4,2.5,2.5,0.58892,4,11937
500,60000,4.7,10,0.67,0.4,2.5,2.5,0.58892,5,11873.8701
500,60000,4.7,10,0.67,0.4,2.5,2.5,0.58892,6,10752.1797
500,60000,4.7,10,0.67,0.4,2.5,2.5,0.58892,7,11367.9297
500,60000,4.7,10,0.67,0.4,2.5,2.5,0.58892,8,10969.3604
500,60000,4.7,10,0.67,0.4,2.5,2.5,0.58892,9,12490.2402
500,60000,4.7,10,0.67,0.4,2.5,2.5,0.58892,10,12787.9102
500,60000,4.7,10,0.67,0.4,2.5,2.5,0.58892,11,15800
500,60000,4.7,10,0.67,0.4,2.5,2.5,0.58892,12,16900
500,60000,4.7,15,0.67,0.4,2.5,2.5,0.58892,1,0
500,60000,4.7,15,0.67,0.4,2.5,2.5,0.58892,2,7472.55615
500,60000,4.7,15,0.67,0.4,2.5,2.5,0.58892,3,16520.7598
500,60000,4.7,15,0.67,0.4,2.5,2.5,0.58892,4,17636.3906
500,60000,4.7,15,0.67,0.4,2.5,2.5,0.58892,5,18396.9805
500,60000,4.7,15,0.67,0.4,2.5,2.5,0.58892,6,18516.6191
500,60000,4.7,15,0.67,0.4,2.5,2.5,0.58892,7,16696.5195
500,60000,4.7,15,0.67,0.4,2.5,2.5,0.58892,8,16026.4697
500,60000,4.7,15,0.67,0.4,2.5,2.5,0.58892,9,17819.9492
500,60000,4.7,15,0.67,0.4,2.5,2.5,0.58892,10,19563.9805
500,60000,4.7,15,0.67,0.4,2.5,2.5,0.58892,11,25500
500,60000,4.7,15,0.67,0.4,2.5,2.5,0.58892,12,23900
500,60000,4.7,20,0.67,0.4,2.5,2.5,0.58892,1,0
500,60000,4.7,20,0.67,0.4,2.5,2.5,0.58892,2,10060.1201
500,60000,4.7,20,0.67,0.4,2.5,2.5,0.58892,3,22551.5195
500,60000,4.7,20,0.67,0.4,2.5,2.5,0.58892,4,25586.9199
500,60000,4.7,20,0.67,0.4,2.5,2.5,0.58892,5,25879.8906
500,60000,4.7,20,0.67,0.4,2.5,2.5,0.58892,6,25878.8594
500,60000,4.7,20,0.67,0.4,2.5,2.5,0.58892,7,23929.9609
500,60000,4.7,20,0.67,0.4,2.5,2.5,0.58892,8,22515
500,60000,4.7,20,0.67,0.4,2.5,2.5,0.58892,9,23956.5
500,60000,4.7,20,0.67,0.4,2.5,2.5,0.58892,10,27030.7402
500,60000,4.7,20,0.67,0.4,2.5,2.5,0.58892,11,33100
500,60000,4.7,20,0.67,0.4,2.5,2.5,0.58892,12,34400
500,60000,4.7,25,0.67,0.4,2.5,2.5,0.58892,1,0
500,60000,4.7,25,0.67,0.4,2.5,2.5,0.58892,2,12974.6904
500,60000,4.7,25,0.67,0.4,2.5,2.5,0.58892,3,28027.9004
500,60000,4.7,25,0.67,0.4,2.5,2.5,0.58892,4,32047.6191
500,60000,4.7,25,0.67,0.4,2.5,2.5,0.58892,5,31466.8398
500,60000,4.7,25,0.67,0.4,2.5,2.5,0.58892,6,28465.1895
500,60000,4.7,25,0.67,0.4,2.5,2.5,0.58892,7,27500.6699
500,60000,4.7,25,0.67,0.4,2.5,2.5,0.58892,8,30115.3008
500,60000,4.7,25,0.67,0.4,2.5,2.5,0.58892,9,35471.9297
500,60000,4.7,25,0.67,0.4,2.5,2.5,0.58892,10,35426.3594
500,60000,4.7,25,0.67,0.4,2.5,2.5,0.58892,11,40800
500,60000,4.7,25,0.67,0.4,2.5,2.5,0.58892,12,46400
500,60000,4.7,10,0.67,0.54,2.5,2.5,0.58892,1,0
500,60000,4.7,10,0.67,0.54,2.5,2.5,0.58892,2,4560.32422
500,60000,4.7,10,0.67,0.54,2.5,2.5,0.58892,3,12190.4697
500,60000,4.7,10,0.67,0.54,2.5,2.5,0.58892,4,10721.04
500,60000,4.7,10,0.67,0.54,2.5,2.5,0.58892,5,11105.9502
500,60000,4.7,10,0.67,0.54,2.5,2.5,0.58892,6,11733.6602
500,60000,4.7,10,0.67,0.54,2.5,2.5,0.58892,7,10340.6396
500,60000,4.7,10,0.67,0.54,2.5,2.5,0.58892,8,10340.6396
500,60000,4.7,10,0.67,0.54,2.5,2.5,0.58892,9,10856.9297
500,60000,4.7,10,0.67,0.54,2.5,2.5,0.58892,10,12470.4004
500,60000,4.7,10,0.67,0.54,2.5,2.5,0.58892,11,15800
500,60000,4.7,10,0.67,0.54,2.5,2.5,0.58892,12,12800
500,60000,4.7,15,0.67,0.54,2.5,2.5,0.58892,1,0
500,60000,4.7,15,0.67,0.54,2.5,2.5,0.58892,2,5715.65576
500,60000,4.7,15,0.67,0.54,2.5,2.5,0.58892,3,16610.9102
500,60000,4.7,15,0.67,0.54,2.5,2.5,0.58892,4,14654.5303
500,60000,4.7,15,0.67,0.54,2.5,2.5,0.58892,5,14228.1797
500,60000,4.7,15,0.67,0.54,2.5,2.5,0.58892,6,15562.0098
500,60000,4.7,15,0.67,0.54,2.5,2.5,0.58892,7,14031.3398
500,60000,4.7,15,0.67,0.54,2.5,2.5,0.58892,8,14214.2305
500,60000,4.7,15,0.67,0.54,2.5,2.5,0.58892,9,16806.2891
500,60000,4.7,15,0.67,0.54,2.5,2.5,0.58892,10,16867.25
500,60000,4.7,15,0.67,0.54,2.5,2.5,0.58892,11,22100
500,60000,4.7,15,0.67,0.54,2.5,2.5,0.58892,12,20200
500,60000,4.7,20,0.67,0.54,2.5,2.5,0.58892,1,0
500,60000,4.7,20,0.67,0.54,2.5,2.5,0.58892,2,17484.8594
500,60000,4.7,20,0.67,0.54,2.5,2.5,0.58892,3,25284.0195
500,60000,4.7,20,0.67,0.54,2.5,2.5,0.58892,4,23252.1699
500,60000,4.7,20,0.67,0.54,2.5,2.5,0.58892,5,22727.8691
500,60000,4.7,20,0.67,0.54,2.5,2.5,0.58892,6,24952.1406
500,60000,4.7,20,0.67,0.54,2.5,2.5,0.58892,7,21981.9199
500,60000,4.7,20,0.67,0.54,2.5,2.5,0.58892,8,22362.5703
500,60000,4.7,20,0.67,0.54,2.5,2.5,0.58892,9,25761.5195
500,60000,4.7,20,0.67,0.54,2.5,2.5,0.58892,10,26628.4297
500,60000,4.7,20,0.67,0.54,2.5,2.5,0.58892,11,33500
500,60000,4.7,20,0.67,0.54,2.5,2.5,0.58892,12,29700
500,60000,4.7,25,0.67,0.54,2.5,2.5,0.58892,1,0
500,60000,4.7,25,0.67,0.54,2.5,2.5,0.58892,2,12323.3896
500,60000,4.7,25,0.67,0.54,2.5,2.5,0.58892,3,31950.4395
500,60000,4.7,25,0.67,0.54,2.5,2.5,0.58892,4,30078
500,60000,4.7,25,0.67,0.54,2.5,2.5,0.58892,5,31867.6094
500,60000,4.7,25,0.67,0.54,2.5,2.5,0.58892,6,29018.2207
500,60000,4.7,25,0.67,0.54,2.5,2.5,0.58892,7,28165.5391
500,60000,4.7,25,0.67,0.54,2.5,2.5,0.58892,8,29654.2305
500,60000,4.7,25,0.67,0.54,2.5,2.5,0.58892,9,31726.1992
500,60000,4.7,25,0.67,0.54,2.5,2.5,0.58892,10,34034.0391
500,60000,4.7,25,0.67,0.54,2.5,2.5,0.58892,11,34300
500,60000,4.7,25,0.67,0.54,2.5,2.5,0.58892,12,37600
500,60000,4.7,30,0.67,0.54,2.5,2.5,0.58892,1,0
500,60000,4.7,30,0.67,0.54,2.5,2.5,0.58892,2,22740.1797
500,60000,4.7,30,0.67,0.54,2.5,2.5,0.58892,3,39602.5898
500,60000,4.7,30,0.67,0.54,2.5,2.5,0.58892,4,38436.6914
500,60000,4.7,30,0.67,0.54,2.5,2.5,0.58892,5,32690.1309
500,60000,4.7,30,0.67,0.54,2.5,2.5,0.58892,6,32102.5098
500,60000,4.7,30,0.67,0.54,2.5,2.5,0.58892,7,32988.8984
500,60000,4.7,30,0.67,0.54,2.5,2.5,0.58892,8,34419.2109
500,60000,4.7,30,0.67,0.54,2.5,2.5,0.58892,9,38962.5586
500,60000,4.7,30,0.67,0.54,2.5,2.5,0.58892,10,40106.3711
500,60000,4.7,30,0.67,0.54,2.5,2.5,0.58892,11,51200
500,60000,4.7,30,0.67,0.54,2.5,2.5,0.58892,12,40700
500,60000,4.7,10,0.67,0.61,2.5,2.5,0.58892,1,0
500,60000,4.7,10,0.67,0.61,2.5,2.5,0.58892,2,3929.50195
500,60000,4.7,10,0.67,0.61,2.5,2.5,0.58892,3,11344.6104
500,60000,4.7,10,0.67,0.61,2.5,2.5,0.58892,4,9310.11035
500,60000,4.7,10,0.67,0.61,2.5,2.5,0.58892,5,9310.11035
500,60000,4.7,10,0.67,0.61,2.5,2.5,0.58892,6,9701.72461
500,60000,4.7,10,0.67,0.61,2.5,2.5,0.58892,7,10637.54
500,60000,4.7,10,0.67,0.61,2.5,2.5,0.58892,8,8818.00684
500,60000,4.7,10,0.67,0.61,2.5,2.5,0.58892,9,9647.58594
500,60000,4.7,10,0.67,0.61,2.5,2.5,0.58892,10,9004.61133
500,60000,4.7,10,0.67,0.61,2.5,2.5,0.58892,11,11000
500,60000,4.7,10,0.67,0.61,2.5,2.5,0.58892,12,10400
500,60000,4.7,15,0.67,0.61,2.5,2.5,0.58892,1,0
500,60000,4.7,15,0.67,0.61,2.5,2.5,0.58892,2,6190.27979
500,60000,4.7,15,0.67,0.61,2.5,2.5,0.58892,3,16050.2305
500,60000,4.7,15,0.67,0.61,2.5,2.5,0.58892,4,13274.1396
500,60000,4.7,15,0.67,0.61,2.5,2.5,0.58892,5,14205.1396
500,60000,4.7,15,0.67,0.61,2.5,2.5,0.58892,6,14896.04
500,60000,4.7,15,0.67,0.61,2.5,2.5,0.58892,7,13646.8896
500,60000,4.7,15,0.67,0.61,2.5,2.5,0.58892,8,13610.9697
500,60000,4.7,15,0.67,0.61,2.5,2.5,0.58892,9,14962.8896
500,60000,4.7,15,0.67,0.61,2.5,2.5,0.58892,10,13157.4404
500,60000,4.7,15,0.67,0.61,2.5,2.5,0.58892,11,17200
500,60000,4.7,15,0.67,0.61,2.5,2.5,0.58892,12,17900
500,60000,4.7,20,0.67,0.61,2.5,2.5,0.58892,1,0
500,60000,4.7,20,0.67,0.61,2.5,2.5,0.58892,2,8180.63281
500,60000,4.7,20,0.67,0.61,2.5,2.5,0.58892,3,22458.4297
500,60000,4.7,20,0.67,0.61,2.5,2.5,0.58892,4,19389.5508
500,60000,4.7,20,0.67,0.61,2.5,2.5,0.58892,5,19762.9004
500,60000,4.7,20,0.67,0.61,2.5,2.5,0.58892,6,20011.2598
500,60000,4.7,20,0.67,0.61,2.5,2.5,0.58892,7,18938.1602
500,60000,4.7,20,0.67,0.61,2.5,2.5,0.58892,8,18452.5293
500,60000,4.7,20,0.67,0.61,2.5,2.5,0.58892,9,18128.0801
500,60000,4.7,20,0.67,0.61,2.5,2.5,0.58892,10,20034.2402
500,60000,4.7,20,0.67,0.61,2.5,2.5,0.58892,11,24000
500,60000,4.7,20,0.67,0.61,2.5,2.5,0.58892,12,22300
500,60000,4.7,25,0.67,0.61,2.5,2.5,0.58892,1,0
500,60000,4.7,25,0.67,0.61,2.5,2.5,0.58892,2,9709.29199
500,60000,4.7,25,0.67,0.61,2.5,2.5,0.58892,3,29016.6309
500,60000,4.7,25,0.67,0.61,2.5,2.5,0.58892,4,28687.6797
500,60000,4.7,25,0.67,0.61,2.5,2.5,0.58892,5,28780.3594
500,60000,4.7,25,0.67,0.61,2.5,2.5,0.58892,6,28784.5098
500,60000,4.7,25,0.67,0.61,2.5,2.5,0.58892,7,24786.3594
500,60000,4.7,25,0.67,0.61,2.5,2.5,0.58892,8,23843.4199
500,60000,4.7,25,0.67,0.61,2.5,2.5,0.58892,9,23929.8008
500,60000,4.7,25,0.67,0.61,2.5,2.5,0.58892,10,24706.9492
500,60000,4.7,25,0.67,0.61,2.5,2.5,0.58892,11,29600
500,60000,4.7,25,0.67,0.61,2.5,2.5,0.58892,12,26700
500,60000,4.7,30,0.67,0.61,2.5,2.5,0.58892,1,0
500,60000,4.7,30,0.67,0.61,2.5,2.5,0.58892,2,11679.9199
500,60000,4.7,30,0.67,0.61,2.5,2.5,0.58892,3,35293.6914
500,60000,4.7,30,0.67,0.61,2.5,2.5,0.58892,4,30460.1699
500,60000,4.7,30,0.67,0.61,2.5,2.5,0.58892,5,31181.0195
500,60000,4.7,30,0.67,0.61,2.5,2.5,0.58892,6,31181.0195
500,60000,4.7,30,0.67,0.61,2.5,2.5,0.58892,7,28887.9805
500,60000,4.7,30,0.67,0.61,2.5,2.5,0.58892,8,26717.0605
500,60000,4.7,30,0.67,0.61,2.5,2.5,0.58892,9,29674.0703
500,60000,4.7,30,0.67,0.61,2.5,2.5,0.58892,10,32870.6484
500,60000,4.7,30,0.67,0.61,2.5,2.5,0.58892,11,35500
500,60000,4.7,30,0.67,0.61,2.5,2.5,0.58892,12,33000
500,60000,4.7,35,0.67,0.61,2.5,2.5,0.58892,1,0
500,60000,4.7,35,0.67,0.61,2.5,2.5,0.58892,2,14806.0596
500,60000,4.7,35,0.67,0.61,2.5,2.5,0.58892,3,46297.2305
500,60000,4.7,35,0.67,0.61,2.5,2.5,0.58892,4,44914.9414
500,60000,4.7,35,0.67,0.61,2.5,2.5,0.58892,5,45219.3789
500,60000,4.7,35,0.67,0.61,2.5,2.5,0.58892,6,45839.1211
500,60000,4.7,35,0.67,0.61,2.5,2.5,0.58892,7,36493.2305
500,60000,4.7,35,0.67,0.61,2.5,2.5,0.58892,8,38721.1016
500,60000,4.7,35,0.67,0.61,2.5,2.5,0.58892,9,39354.8086
500,60000,4.7,35,0.67,0.61,2.5,2.5,0.58892,10,41710.0586
500,60000,4.7,35,0.67,0.61,2.5,2.5,0.58892,11,51200
500,60000,4.7,35,0.67,0.61,2.5,2.5,0.58892,12,55900
500,60000,0,10,0.67,0.47,2.5,2.5,1,1,0
500,60000,0,10,0.67,0.47,2.5,2.5,1,2,6175.20508
500,60000,0,10,0.67,0.47,2.5,2.5,1,3,12202.29
500,60000,0,10,0.67,0.47,2.5,2.5,1,4,11215.4697
500,60000,0,10,0.67,0.47,2.5,2.5,1,5,10853.4697
500,60000,0,10,0.67,0.47,2.5,2.5,1,6,10853.4697
500,60000,0,10,0.67,0.47,2.5,2.5,1,7,8796.81641
500,60000,0,10,0.67,0.47,2.5,2.5,1,8,12423.1104
500,60000,0,10,0.67,0.47,2.5,2.5,1,9,8772.20508
500,60000,0,10,0.67,0.47,2.5,2.5,1,10,7882.39111
500,60000,0,10,0.67,0.47,2.5,2.5,1,11,8570
500,60000,0,10,0.67,0.47,2.5,2.5,1,12,7510
500,60000,0,15,0.67,0.47,2.5,2.5,1,1,0
500,60000,0,15,0.67,0.47,2.5,2.5,1,2,9354.42578
500,60000,0,15,0.67,0.47,2.5,2.5,1,3,18664.0293
500,60000,0,15,0.67,0.47,2.5,2.5,1,4,17548.4199
500,60000,0,15,0.67,0.47,2.5,2.5,1,5,17230.8008
500,60000,0,15,0.67,0.47,2.5,2.5,1,6,17141.8906
500,60000,0,15,0.67,0.47,2.5,2.5,1,7,13767.0098
500,60000,0,15,0.67,0.47,2.5,2.5,1,8,18442.2109
500,60000,0,15,0.67,0.47,2.5,2.5,1,9,13068.0996
500,60000,0,15,0.67,0.47,2.5,2.5,1,10,11977.6504
500,60000,0,15,0.67,0.47,2.5,2.5,1,11,12700
500,60000,0,15,0.67,0.47,2.5,2.5,1,12,11100
500,60000,0,20,0.67,0.47,2.5,2.5,1,1,0
500,60000,0,20,0.67,0.47,2.5,2.5,1,2,14102.4297
500,60000,0,20,0.67,0.47,2.5,2.5,1,3,24889.9609
500,60000,0,20,0.67,0.47,2.5,2.5,1,4,22326.4902
500,60000,0,20,0.67,0.47,2.5,2.5,1,5,22326.4902
500,60000,0,20,0.67,0.47,2.5,2.5,1,6,22326.4902
500,60000,0,20,0.67,0.47,2.5,2.5,1,7,20240.4199
500,60000,0,20,0.67,0.47,2.5,2.5,1,8,24387.1895
500,60000,0,20,0.67,0.47,2.5,2.5,1,9,17186.5
500,60000,0,20,0.67,0.47,2.5,2.5,1,10,16311.8896
500,60000,0,20,0.67,0.47,2.5,2.5,1,11,17200
500,60000,0,20,0.67,0.47,2.5,2.5,1,12,15000
500,60000,0,25,0.67,0.47,2.5,2.5,1,1,0
500,60000,0,25,0.67,0.47,2.5,2.5,1,2,24252.8203
500,60000,0,25,0.67,0.47,2.5,2.5,1,3,32895.8398
500,60000,0,25,0.67,0.47,2.5,2.5,1,4,31966.9492
500,60000,0,25,0.67,0.47,2.5,2.5,1,5,31230.8301
500,60000,0,25,0.67,0.47,2.5,2.5,1,6,30400.8691
500,60000,0,25,0.67,0.47,2.5,2.5,1,7,22819.6406
500,60000,0,25,0.67,0.47,2.5,2.5,1,8,23728.4707
500,60000,0,25,0.67,0.47,2.5,2.5,1,9,26344.9395
500,60000,0,25,0.67,0.47,2.5,2.5,1,10,26224.9707
500,60000,0,25,0.67,0.47,2.5,2.5,1,11,21800
500,60000,0,25,0.67,0.47,2.5,2.5,1,12,27700
500,60000,0,30,0.67,0.47,2.5,2.5,1,1,0
500,60000,0,30,0.67,0.47,2.5,2.5,1,2,30463.9004
500,60000,0,30,0.67,0.47,2.5,2.5,1,3,37862.3711
500,60000,0,30,0.67,0.47,2.5,2.5,1,4,35467.8008
500,60000,0,30,0.67,0.47,2.5,2.5,1,5,34507.8906
500,60000,0,30,0.67,0.47,2.5,2.5,1,6,34507.8906
500,60000,0,30,0.67,0.47,2.5,2.5,1,7,29598.5195
500,60000,0,30,0.67,0.47,2.5,2.5,1,8,37914.3516
500,60000,0,30,0.67,0.47,2.5,2.5,1,9,26006.6992
500,60000,0,30,0.67,0.47,2.5,2.5,1,10,24727.5391
500,60000,0,30,0.67,0.47,2.5,2.5,1,11,25900
500,60000,0,30,0.67,0.47,2.5,2.5,1,12,22500
500,60000,0,35,0.67,0.47,2.5,2.5,1,1,0
500,60000,0,35,0.67,0.47,2.5,2.5,1,2,12724.3203
500,60000,0,35,0.67,0.47,2.5,2.5,1,3,4556.87891
500,60000,0,35,0.67,0.47,2.5,2.5,1,4,2848.0061
500,60000,0,35,0.67,0.47,2.5,2.5,1,5,2848.0061
500,60000,0,35,0.67,0.47,2.5,2.5,1,6,2848.0061
500,60000,0,35,0.67,0.47,2.5,2.5,1,7,6146.73389
500,60000,0,35,0.67,0.47,2.5,2.5,1,8,16051.1904
500,60000,0,35,0.67,0.47,2.5,2.5,1,9,19764.9395
500,60000,0,35,0.67,0.47,2.5,2.5,1,10,22843.5098
500,60000,0,35,0.67,0.47,2.5,2.5,1,11,24900
500,60000,0,35,0.67,0.47,2.5,2.5,1,12,23800
500,60000,2.16,10,0.67,0.47,2.5,2.5,0.8114,1,0
500,60000,2.16,10,0.67,0.47,2.5,2.5,0.8114,2,18257.9004
500,60000,2.16,10,0.67,0.47,2.5,2.5,0.8114,3,17702.4004
500,60000,2.16,10,0.67,0.47,2.5,2.5,0.8114,4,23396.0508
500,60000,2.16,10,0.67,0.47,2.5,2.5,0.8114,5,24026.6699
500,60000,2.16,10,0.67,0.47,2.5,2.5,0.8114,6,24331.1992
500,60000,2.16,10,0.67,0.47,2.5,2.5,0.8114,7,20924.1602
500,60000,2.16,10,0.67,0.47,2.5,2.5,0.8114,8,18130.5605
500,60000,2.16,10,0.67,0.47,2.5,2.5,0.8114,9,19033.7598
500,60000,2.16,10,0.67,0.47,2.5,2.5,0.8114,10,19433.0996
500,60000,2.16,10,0.67,0.47,2.5,2.5,0.8114,11,21100
500,60000,2.16,10,0.67,0.47,2.5,2.5,0.8114,12,16900
500,60000,2.16,15,0.67,0.47,2.5,2.5,0.8114,1,0
500,60000,2.16,15,0.67,0.47,2.5,2.5,0.8114,2,12748.79
500,60000,2.16,15,0.67,0.47,2.5,2.5,0.8114,3,20005.3398
500,60000,2.16,15,0.67,0.47,2.5,2.5,0.8114,4,19894.3594
500,60000,2.16,15,0.67,0.47,2.5,2.5,0.8114,5,19324.0801
500,60000,2.16,15,0.67,0.47,2.5,2.5,0.8114,6,19324.0801
500,60000,2.16,15,0.67,0.47,2.5,2.5,0.8114,7,13719.7402
500,60000,2.16,15,0.67,0.47,2.5,2.5,0.8114,8,17164.6699
500,60000,2.16,15,0.67,0.47,2.5,2.5,0.8114,9,15394.21
500,60000,2.16,15,0.67,0.47,2.5,2.5,0.8114,10,16120.7402
500,60000,2.16,15,0.67,0.47,2.5,2.5,0.8114,11,14100
500,60000,2.16,15,0.67,0.47,2.5,2.5,0.8114,12,20400
500,60000,2.16,20,0.67,0.47,2.5,2.5,0.8114,1,0
500,60000,2.16,20,0.67,0.47,2.5,2.5,0.8114,2,17465.9805
500,60000,2.16,20,0.67,0.47,2.5,2.5,0.8114,3,27475.1699
500,60000,2.16,20,0.67,0.47,2.5,2.5,0.8114,4,26986.0801
500,60000,2.16,20,0.67,0.47,2.5,2.5,0.8114,5,26047.2109
500,60000,2.16,20,0.67,0.47,2.5,2.5,0.8114,6,26047.2109
500,60000,2.16,20,0.67,0.47,2.5,2.5,0.8114,7,18374.3906
500,60000,2.16,20,0.67,0.47,2.5,2.5,0.8114,8,23873.8105
500,60000,2.16,20,0.67,0.47,2.5,2.5,0.8114,9,21750.5605
500,60000,2.16,20,0.67,0.47,2.5,2.5,0.8114,10,22759.4902
500,60000,2.16,20,0.67,0.47,2.5,2.5,0.8114,11,25500
500,60000,2.16,20,0.67,0.47,2.5,2.5,0.8114,12,22700
500,60000,2.16,25,0.67,0.47,2.5,2.5,0.8114,1,0
500,60000,2.16,25,0.67,0.47,2.5,2.5,0.8114,2,21632.3691
500,60000,2.16,25,0.67,0.47,2.5,2.5,0.8114,3,34950.9688
500,60000,2.16,25,0.67,0.47,2.5,2.5,0.8114,4,34003.8906
500,60000,2.16,25,0.67,0.47,2.5,2.5,0.8114,5,34003.8906
500,60000,2.16,25,0.67,0.47,2.5,2.5,0.8114,6,32808.6797
500,60000,2.16,25,0.67,0.47,2.5,2.5,0.8114,7,23409.25
500,60000,2.16,25,0.67,0.47,2.5,2.5,0.8114,8,29352.3496
500,60000,2.16,25,0.67,0.47,2.5,2.5,0.8114,9,27932.1309
500,60000,2.16,25,0.67,0.47,2.5,2.5,0.8114,10,28155.6406
500,60000,2.16,25,0.67,0.47,2.5,2.5,0.8114,11,29200
500,60000,2.16,25,0.67,0.47,2.5,2.5,0.8114,12,30400
500,60000,2.16,30,0.67,0.47,2.5,2.5,0.8114,1,0
500,60000,2.16,30,0.67,0.47,2.5,2.5,0.8114,2,27008.4004
500,60000,2.16,30,0.67,0.47,2.5,2.5,0.8114,3,42056.2695
500,60000,2.16,30,0.67,0.47,2.5,2.5,0.8114,4,41517.0703
500,60000,2.16,30,0.67,0.47,2.5,2.5,0.8114,5,40515.3516
500,60000,2.16,30,0.67,0.47,2.5,2.5,0.8114,6,40515.3516
500,60000,2.16,30,0.67,0.47,2.5,2.5,0.8114,7,28663.0195
500,60000,2.16,30,0.67,0.47,2.5,2.5,0.8114,8,37220.9805
500,60000,2.16,30,0.67,0.47,2.5,2.5,0.8114,9,34280.8281
500,60000,2.16,30,0.67,0.47,2.5,2.5,0.8114,10,33628.6914
500,60000,2.16,30,0.67,0.47,2.5,2.5,0.8114,11,39100
500,60000,2.16,30,0.67,0.47,2.5,2.5,0.8114,12,34000
500,60000,2.16,35,0.67,0.47,2.5,2.5,0.8114,1,0
500,60000,2.16,35,0.67,0.47,2.5,2.5,0.8114,2,31140.4609
500,60000,2.16,35,0.67,0.47,2.5,2.5,0.8114,3,49184
500,60000,2.16,35,0.67,0.47,2.5,2.5,0.8114,4,46332.3398
500,60000,2.16,35,0.67,0.47,2.5,2.5,0.8114,5,46332.3398
500,60000,2.16,35,0.67,0.47,2.5,2.5,0.8114,6,44647.5781
500,60000,2.16,35,0.67,0.47,2.5,2.5,0.8114,7,34060.6719
500,60000,2.16,35,0.67,0.47,2.5,2.5,0.8114,8,43237.2891
500,60000,2.16,35,0.67,0.47,2.5,2.5,0.8114,9,40141.5508
500,60000,2.16,35,0.67,0.47,2.5,2.5,0.8114,10,40765.2813
500,60000,2.16,35,0.67,0.47,2.5,2.5,0.8114,11,44300
500,60000,2.16,35,0.67,0.47,2.5,2.5,0.8114,12,51200
500,60000,3.43,10,0.67,0.47,2.5,2.5,0.70032,1,0
500,60000,3.43,10,0.67,0.47,2.5,2.5,0.70032,2,9308.35059
500,60000,3.43,10,0.67,0.47,2.5,2.5,0.70032,3,12438.9199
500,60000,3.43,10,0.67,0.47,2.5,2.5,0.70032,4,9492.20898
500,60000,3.43,10,0.67,0.47,2.5,2.5,0.70032,5,9430.73438
500,60000,3.43,10,0.67,0.47,2.5,2.5,0.70032,6,9689.1084
500,60000,3.43,10,0.67,0.47,2.5,2.5,0.70032,7,9817.34277
500,60000,3.43,10,0.67,0.47,2.5,2.5,0.70032,8,10886.5703
500,60000,3.43,10,0.67,0.47,2.5,2.5,0.70032,9,11250.04
500,60000,3.43,10,0.67,0.47,2.5,2.5,0.70032,10,11936.9004
500,60000,3.43,10,0.67,0.47,2.5,2.5,0.70032,11,14200
500,60000,3.43,10,0.67,0.47,2.5,2.5,0.70032,12,13600
500,60000,3.43,15,0.67,0.47,2.5,2.5,0.70032,1,0
500,60000,3.43,15,0.67,0.47,2.5,2.5,0.70032,2,14448.1699
500,60000,3.43,15,0.67,0.47,2.5,2.5,0.70032,3,18058.3691
500,60000,3.43,15,0.67,0.47,2.5,2.5,0.70032,4,14529.8496
500,60000,3.43,15,0.67,0.47,2.5,2.5,0.70032,5,15779.2695
500,60000,3.43,15,0.67,0.47,2.5,2.5,0.70032,6,17057.6406
500,60000,3.43,15,0.67,0.47,2.5,2.5,0.70032,7,15950.6299
500,60000,3.43,15,0.67,0.47,2.5,2.5,0.70032,8,17277.4707
500,60000,3.43,15,0.67,0.47,2.5,2.5,0.70032,9,18168.0605
500,60000,3.43,15,0.67,0.47,2.5,2.5,0.70032,10,17866.7305
500,60000,3.43,15,0.67,0.47,2.5,2.5,0.70032,11,20700
500,60000,3.43,15,0.67,0.47,2.5,2.5,0.70032,12,18000
500,60000,3.43,20,0.67,0.47,2.5,2.5,0.70032,1,0
500,60000,3.43,20,0.67,0.47,2.5,2.5,0.70032,2,21235.2695
500,60000,3.43,20,0.67,0.47,2.5,2.5,0.70032,3,25134.0605
500,60000,3.43,20,0.67,0.47,2.5,2.5,0.70032,4,20046.6191
500,60000,3.43,20,0.67,0.47,2.5,2.5,0.70032,5,19976.0801
500,60000,3.43,20,0.67,0.47,2.5,2.5,0.70032,6,19468.1191
500,60000,3.43,20,0.67,0.47,2.5,2.5,0.70032,7,21868.8105
500,60000,3.43,20,0.67,0.47,2.5,2.5,0.70032,8,23235.0801
500,60000,3.43,20,0.67,0.47,2.5,2.5,0.70032,9,26137.9902
500,60000,3.43,20,0.67,0.47,2.5,2.5,0.70032,10,25815.8301
500,60000,3.43,20,0.67,0.47,2.5,2.5,0.70032,11,25200
500,60000,3.43,20,0.67,0.47,2.5,2.5,0.70032,12,28400
500,60000,3.43,25,0.67,0.47,2.5,2.5,0.70032,1,0
500,60000,3.43,25,0.67,0.47,2.5,2.5,0.70032,2,26297.2305
500,60000,3.43,25,0.67,0.47,2.5,2.5,0.70032,3,32192.4395
500,60000,3.43,25,0.67,0.47,2.5,2.5,0.70032,4,24105.4805
500,60000,3.43,25,0.67,0.47,2.5,2.5,0.70032,5,23938.1094
500,60000,3.43,25,0.67,0.47,2.5,2.5,0.70032,6,26001.1094
500,60000,3.43,25,0.67,0.47,2.5,2.5,0.70032,7,25870.4199
500,60000,3.43,25,0.67,0.47,2.5,2.5,0.70032,8,28801.9609
500,60000,3.43,25,0.67,0.47,2.5,2.5,0.70032,9,36051.0117
500,60000,3.43,25,0.67,0.47,2.5,2.5,0.70032,10,33299.6406
500,60000,3.43,25,0.67,0.47,2.5,2.5,0.70032,11,35900
500,60000,3.43,25,0.67,0.47,2.5,2.5,0.70032,12,39200
500,60000,3.43,30,0.67,0.47,2.5,2.5,0.70032,1,0
500,60000,3.43,30,0.67,0.47,2.5,2.5,0.70032,2,31045.2402
500,60000,3.43,30,0.67,0.47,2.5,2.5,0.70032,3,39202.5391
500,60000,3.43,30,0.67,0.47,2.5,2.5,0.70032,4,31369.8105
500,60000,3.43,30,0.67,0.47,2.5,2.5,0.70032,5,32323.3691
500,60000,3.43,30,0.67,0.47,2.5,2.5,0.70032,6,33476.4414
500,60000,3.43,30,0.67,0.47,2.5,2.5,0.70032,7,32698.5801
500,60000,3.43,30,0.67,0.47,2.5,2.5,0.70032,8,36529.6484
500,60000,3.43,30,0.67,0.47,2.5,2.5,0.70032,9,40582.8086
500,60000,3.43,30,0.67,0.47,2.5,2.5,0.70032,10,39616.0117
500,60000,3.43,30,0.67,0.47,2.5,2.5,0.70032,11,37400
500,60000,3.43,30,0.67,0.47,2.5,2.5,0.70032,12,39400
500,60000,3.43,35,0.67,0.47,2.5,2.5,0.70032,1,0
500,60000,3.43,35,0.67,0.47,2.5,2.5,0.70032,2,36672.6016
500,60000,3.43,35,0.67,0.47,2.5,2.5,0.70032,3,43739.0313
500,60000,3.43,35,0.67,0.47,2.5,2.5,0.70032,4,34359.8516
500,60000,3.43,35,0.67,0.47,2.5,2.5,0.70032,5,38190
500,60000,3.43,35,0.67,0.47,2.5,2.5,0.70032,6,39658.3008
500,60000,3.43,35,0.67,0.47,2.5,2.5,0.70032,7,39813.6406
500,60000,3.43,35,0.67,0.47,2.5,2.5,0.70032,8,39614.8008
500,60000,3.43,35,0.67,0.47,2.5,2.5,0.70032,9,46320.3281
500,60000,3.43,35,0.67,0.47,2.5,2.5,0.70032,10,48932.2695
500,60000,3.43,35,0.67,0.47,2.5,2.5,0.70032,11,52300
500,60000,3.43,35,0.67,0.47,2.5,2.5,0.70032,12,57100
500,40000,4.7,10,0.67,0.47,2.5,2.5,0.58892,1,0
500,40000,4.7,10,0.67,0.47,2.5,2.5,0.58892,2,9919.29297
500,40000,4.7,10,0.67,0.47,2.5,2.5,0.58892,3,10651.5098
500,40000,4.7,10,0.67,0.47,2.5,2.5,0.58892,4,8833.26465
500,40000,4.7,10,0.67,0.47,2.5,2.5,0.58892,5,8817.22754
500,40000,4.7,10,0.67,0.47,2.5,2.5,0.58892,6,9309.30371
500,40000,4.7,10,0.67,0.47,2.5,2.5,0.58892,7,8698.19629
500,40000,4.7,10,0.67,0.47,2.5,2.5,0.58892,8,9660.34863
500,40000,4.7,10,0.67,0.47,2.5,2.5,0.58892,9,11618.5195
500,40000,4.7,10,0.67,0.47,2.5,2.5,0.58892,10,10920.0195
500,40000,4.7,10,0.67,0.47,2.5,2.5,0.58892,11,13800
500,40000,4.7,10,0.67,0.47,2.5,2.5,0.58892,12,14300
500,40000,4.7,15,0.67,0.47,2.5,2.5,0.58892,1,0
500,40000,4.7,15,0.67,0.47,2.5,2.5,0.58892,2,16181.3398
500,40000,4.7,15,0.67,0.47,2.5,2.5,0.58892,3,14614.5195
500,40000,4.7,15,0.67,0.47,2.5,2.5,0.58892,4,13924.8203
500,40000,4.7,15,0.67,0.47,2.5,2.5,0.58892,5,16434.7598
500,40000,4.7,15,0.67,0.47,2.5,2.5,0.58892,6,14714.0098
500,40000,4.7,15,0.67,0.47,2.5,2.5,0.58892,7,15212.96
500,40000,4.7,15,0.67,0.47,2.5,2.5,0.58892,8,15806.4902
500,40000,4.7,15,0.67,0.47,2.5,2.5,0.58892,9,17001.7402
500,40000,4.7,15,0.67,0.47,2.5,2.5,0.58892,10,17403.8906
500,40000,4.7,15,0.67,0.47,2.5,2.5,0.58892,11,20000
500,40000,4.7,15,0.67,0.47,2.5,2.5,0.58892,12,20100
500,40000,4.7,20,0.67,0.47,2.5,2.5,0.58892,1,0
500,40000,4.7,20,0.67,0.47,2.5,2.5,0.58892,2,22233.7207
500,40000,4.7,20,0.67,0.47,2.5,2.5,0.58892,3,20607.9609
500,40000,4.7,20,0.67,0.47,2.5,2.5,0.58892,4,18267.3691
500,40000,4.7,20,0.67,0.47,2.5,2.5,0.58892,5,21225.5293
500,40000,4.7,20,0.67,0.47,2.5,2.5,0.58892,6,20021.9609
500,40000,4.7,20,0.67,0.47,2.5,2.5,0.58892,7,18502.8594
500,40000,4.7,20,0.67,0.47,2.5,2.5,0.58892,8,20240.1309
500,40000,4.7,20,0.67,0.47,2.5,2.5,0.58892,9,22904.8203
500,40000,4.7,20,0.67,0.47,2.5,2.5,0.58892,10,26148.9902
500,40000,4.7,20,0.67,0.47,2.5,2.5,0.58892,11,27300
500,40000,4.7,20,0.67,0.47,2.5,2.5,0.58892,12,27800
500,40000,4.7,25,0.67,0.47,2.5,2.5,0.58892,1,0
500,40000,4.7,25,0.67,0.47,2.5,2.5,0.58892,2,28990.9902
500,40000,4.7,25,0.67,0.47,2.5,2.5,0.58892,3,23922.3809
500,40000,4.7,25,0.67,0.47,2.5,2.5,0.58892,4,25430.3496
500,40000,4.7,25,0.67,0.47,2.5,2.5,0.58892,5,26589.0508
500,40000,4.7,25,0.67,0.47,2.5,2.5,0.58892,6,26910.0098
500,40000,4.7,25,0.67,0.47,2.5,2.5,0.58892,7,26658.9707
500,40000,4.7,25,0.67,0.47,2.5,2.5,0.58892,8,29684.4102
500,40000,4.7,25,0.67,0.47,2.5,2.5,0.58892,9,29863.6992
500,40000,4.7,25,0.67,0.47,2.5,2.5,0.58892,10,31024.6504
500,40000,4.7,25,0.67,0.47,2.5,2.5,0.58892,11,32300
500,40000,4.7,25,0.67,0.47,2.5,2.5,0.58892,12,31400
500,40000,4.7,30,0.67,0.47,2.5,2.5,0.58892,1,0
500,40000,4.7,30,0.67,0.47,2.5,2.5,0.58892,2,33941.4219
500,40000,4.7,30,0.67,0.47,2.5,2.5,0.58892,3,27114.2793
500,40000,4.7,30,0.67,0.47,2.5,2.5,0.58892,4,30316.4492
500,40000,4.7,30,0.67,0.47,2.5,2.5,0.58892,5,33102.3008
500,40000,4.7,30,0.67,0.47,2.5,2.5,0.58892,6,31425
500,40000,4.7,30,0.67,0.47,2.5,2.5,0.58892,7,28759.2793
500,40000,4.7,30,0.67,0.47,2.5,2.5,0.58892,8,31786.8594
500,40000,4.7,30,0.67,0.47,2.5,2.5,0.58892,9,34578.8711
500,40000,4.7,30,0.67,0.47,2.5,2.5,0.58892,10,36784.7383
500,40000,4.7,30,0.67,0.47,2.5,2.5,0.58892,11,41000
500,40000,4.7,30,0.67,0.47,2.5,2.5,0.58892,12,37900
500,40000,4.7,35,0.67,0.47,2.5,2.5,0.58892,1,0
500,40000,4.7,35,0.67,0.47,2.5,2.5,0.58892,2,42266.5508
500,40000,4.7,35,0.67,0.47,2.5,2.5,0.58892,3,39425.3984
500,40000,4.7,35,0.67,0.47,2.5,2.5,0.58892,4,33959.9609
500,40000,4.7,35,0.67,0.47,2.5,2.5,0.58892,5,42055.7695
500,40000,4.7,35,0.67,0.47,2.5,2.5,0.58892,6,33229.6602
500,40000,4.7,35,0.67,0.47,2.5,2.5,0.58892,7,37784.5391
500,40000,4.7,35,0.67,0.47,2.5,2.5,0.58892,8,37143.3203
500,40000,4.7,35,0.67,0.47,2.5,2.5,0.58892,9,42983.7695
500,40000,4.7,35,0.67,0.47,2.5,2.5,0.58892,10,48473.6211
500,40000,4.7,35,0.67,0.47,2.5,2.5,0.58892,11,54300
500,40000,4.7,35,0.67,0.47,2.5,2.5,0.58892,12,48900
500,20000,4.7,10,0.67,0.47,2.5,2.5,0.58892,1,0
500,20000,4.7,10,0.67,0.47,2.5,2.5,0.58892,2,4958.33105
500,20000,4.7,10,0.67,0.47,2.5,2.5,0.58892,3,9478.88086
500,20000,4.7,10,0.67,0.47,2.5,2.5,0.58892,4,7474.00488
500,20000,4.7,10,0.67,0.47,2.5,2.5,0.58892,5,7720.80908
500,20000,4.7,10,0.67,0.47,2.5,2.5,0.58892,6,7693.48682
500,20000,4.7,10,0.67,0.47,2.5,2.5,0.58892,7,6874.54492
500,20000,4.7,10,0.67,0.47,2.5,2.5,0.58892,8,6605.16992
500,20000,4.7,10,0.67,0.47,2.5,2.5,0.58892,9,7217.58887
500,20000,4.7,10,0.67,0.47,2.5,2.5,0.58892,10,7208.06689
500,20000,4.7,10,0.67,0.47,2.5,2.5,0.58892,11,8840
500,20000,4.7,10,0.67,0.47,2.5,2.5,0.58892,12,8440
500,20000,4.7,15,0.67,0.47,2.5,2.5,0.58892,1,0
500,20000,4.7,15,0.67,0.47,2.5,2.5,0.58892,2,7018.77979
500,20000,4.7,15,0.67,0.47,2.5,2.5,0.58892,3,12886.2695
500,20000,4.7,15,0.67,0.47,2.5,2.5,0.58892,4,10956.8096
500,20000,4.7,15,0.67,0.47,2.5,2.5,0.58892,5,11719.9404
500,20000,4.7,15,0.67,0.47,2.5,2.5,0.58892,6,10643.2402
500,20000,4.7,15,0.67,0.47,2.5,2.5,0.58892,7,10096.3398
500,20000,4.7,15,0.67,0.47,2.5,2.5,0.58892,8,9219.55859
500,20000,4.7,15,0.67,0.47,2.5,2.5,0.58892,9,10436.6699
500,20000,4.7,15,0.67,0.47,2.5,2.5,0.58892,10,10534.75
500,20000,4.7,15,0.67,0.47,2.5,2.5,0.58892,11,13900
500,20000,4.7,15,0.67,0.47,2.5,2.5,0.58892,12,13800
500,20000,4.7,20,0.67,0.47,2.5,2.5,0.58892,1,0
500,20000,4.7,20,0.67,0.47,2.5,2.5,0.58892,2,15417.7002
500,20000,4.7,20,0.67,0.47,2.5,2.5,0.58892,3,19155.3906
500,20000,4.7,20,0.67,0.47,2.5,2.5,0.58892,4,15421.0098
500,20000,4.7,20,0.67,0.47,2.5,2.5,0.58892,5,15863.04
500,20000,4.7,20,0.67,0.47,2.5,2.5,0.58892,6,16125
500,20000,4.7,20,0.67,0.47,2.5,2.5,0.58892,7,14224.1602
500,20000,4.7,20,0.67,0.47,2.5,2.5,0.58892,8,13477.3604
500,20000,4.7,20,0.67,0.47,2.5,2.5,0.58892,9,14408.1904
500,20000,4.7,20,0.67,0.47,2.5,2.5,0.58892,10,14730.9004
500,20000,4.7,20,0.67,0.47,2.5,2.5,0.58892,11,17500
500,20000,4.7,20,0.67,0.47,2.5,2.5,0.58892,12,18900
500,20000,4.7,25,0.67,0.47,2.5,2.5,0.58892,1,0
500,20000,4.7,25,0.67,0.47,2.5,2.5,0.58892,2,19673.7793
500,20000,4.7,25,0.67,0.47,2.5,2.5,0.58892,3,23414.0508
500,20000,4.7,25,0.67,0.47,2.5,2.5,0.58892,4,18628.7305
500,20000,4.7,25,0.67,0.47,2.5,2.5,0.58892,5,18508.2305
500,20000,4.7,25,0.67,0.47,2.5,2.5,0.58892,6,18991.4902
500,20000,4.7,25,0.67,0.47,2.5,2.5,0.58892,7,18317.6699
500,20000,4.7,25,0.67,0.47,2.5,2.5,0.58892,8,16283.6904
500,20000,4.7,25,0.67,0.47,2.5,2.5,0.58892,9,18355.7402
500,20000,4.7,25,0.67,0.47,2.5,2.5,0.58892,10,19357.1895
500,20000,4.7,25,0.67,0.47,2.5,2.5,0.58892,11,22300
500,20000,4.7,25,0.67,0.47,2.5,2.5,0.58892,12,23800
500,20000,4.7,30,0.67,0.47,2.5,2.5,0.58892,1,0
500,20000,4.7,30,0.67,0.47,2.5,2.5,0.58892,2,20426.0605
500,20000,4.7,30,0.67,0.47,2.5,2.5,0.58892,3,27372.8906
500,20000,4.7,30,0.67,0.47,2.5,2.5,0.58892,4,25596.0391
500,20000,4.7,30,0.67,0.47,2.5,2.5,0.58892,5,25866.2695
500,20000,4.7,30,0.67,0.47,2.5,2.5,0.58892,6,24241.4395
500,20000,4.7,30,0.67,0.47,2.5,2.5,0.58892,7,23218.9707
500,20000,4.7,30,0.67,0.47,2.5,2.5,0.58892,8,21655.0508
500,20000,4.7,30,0.67,0.47,2.5,2.5,0.58892,9,22553.0996
500,20000,4.7,30,0.67,0.47,2.5,2.5,0.58892,10,22812.4707
500,20000,4.7,30,0.67,0.47,2.5,2.5,0.58892,11,29100
500,20000,4.7,30,0.67,0.47,2.5,2.5,0.58892,12,30300
500,20000,4.7,35,0.67,0.47,2.5,2.5,0.58892,1,0
500,20000,4.7,35,0.67,0.47,2.5,2.5,0.58892,2,28190
500,20000,4.7,35,0.67,0.47,2.5,2.5,0.58892,3,33700.3008
500,20000,4.7,35,0.67,0.47,2.5,2.5,0.58892,4,26473.6094
500,20000,4.7,35,0.67,0.47,2.5,2.5,0.58892,5,25625.9609
500,20000,4.7,35,0.67,0.47,2.5,2.5,0.58892,6,25575.6406
500,20000,4.7,35,0.67,0.47,2.5,2.5,0.58892,7,25691.6504
500,20000,4.7,35,0.67,0.47,2.5,2.5,0.58892,8,27153.4395
500,20000,4.7,35,0.67,0.47,2.5,2.5,0.58892,9,25694.2207
500,20000,4.7,35,0.67,0.47,2.5,2.5,0.58892,10,28126.7305
500,20000,4.7,35,0.67,0.47,2.5,2.5,0.58892,11,35400
500,20000,4.7,35,0.67,0.47,2.5,2.5,0.58892,12,34200
500,60000,4.7,10,0.67,0.47,3,2,0.67116,1,0
500,60000,4.7,10,0.67,0.47,3,2,0.67116,2,9061.81641
500,60000,4.7,10,0.67,0.47,3,2,0.67116,3,11825.9502
500,60000,4.7,10,0.67,0.47,3,2,0.67116,4,10723.8096
500,60000,4.7,10,0.67,0.47,3,2,0.67116,5,10217.3398
500,60000,4.7,10,0.67,0.47,3,2,0.67116,6,10396.5703
500,60000,4.7,10,0.67,0.47,3,2,0.67116,7,10862.2305
500,60000,4.7,10,0.67,0.47,3,2,0.67116,8,11665.5703
500,60000,4.7,10,0.67,0.47,3,2,0.67116,9,10760.1104
500,60000,4.7,10,0.67,0.47,3,2,0.67116,10,12347.5
500,60000,4.7,10,0.67,0.47,3,2,0.67116,11,11800
500,60000,4.7,10,0.67,0.47,3,2,0.67116,12,11700
500,60000,4.7,15,0.67,0.47,3,2,0.67116,1,0
500,60000,4.7,15,0.67,0.47,3,2,0.67116,2,13171.2402
500,60000,4.7,15,0.67,0.47,3,2,0.67116,3,15072.2803
500,60000,4.7,15,0.67,0.47,3,2,0.67116,4,15705.2402
500,60000,4.7,15,0.67,0.47,3,2,0.67116,5,15705.2402
500,60000,4.7,15,0.67,0.47,3,2,0.67116,6,15439.1904
500,60000,4.7,15,0.67,0.47,3,2,0.67116,7,17303.9004
500,60000,4.7,15,0.67,0.47,3,2,0.67116,8,18598.5801
500,60000,4.7,15,0.67,0.47,3,2,0.67116,9,17889.9004
500,60000,4.7,15,0.67,0.47,3,2,0.67116,10,18239.1309
500,60000,4.7,15,0.67,0.47,3,2,0.67116,11,23600
500,60000,4.7,15,0.67,0.47,3,2,0.67116,12,21000
500,60000,4.7,20,0.67,0.47,3,2,0.67116,1,0
500,60000,4.7,20,0.67,0.47,3,2,0.67116,2,18050.8809
500,60000,4.7,20,0.67,0.47,3,2,0.67116,3,23797.1191
500,60000,4.7,20,0.67,0.47,3,2,0.67116,4,20494.0195
500,60000,4.7,20,0.67,0.47,3,2,0.67116,5,20915.2891
500,60000,4.7,20,0.67,0.47,3,2,0.67116,6,21290.3594
500,60000,4.7,20,0.67,0.47,3,2,0.67116,7,20579.2695
500,60000,4.7,20,0.67,0.47,3,2,0.67116,8,26951.4102
500,60000,4.7,20,0.67,0.47,3,2,0.67116,9,25937.5098
500,60000,4.7,20,0.67,0.47,3,2,0.67116,10,26909.1992
500,60000,4.7,20,0.67,0.47,3,2,0.67116,11,31700
500,60000,4.7,20,0.67,0.47,3,2,0.67116,12,27900
500,60000,4.7,25,0.67,0.47,3,2,0.67116,1,0
500,60000,4.7,25,0.67,0.47,3,2,0.67116,2,22730.6504
500,60000,4.7,25,0.67,0.47,3,2,0.67116,3,25979.1406
500,60000,4.7,25,0.67,0.47,3,2,0.67116,4,27993.9609
500,60000,4.7,25,0.67,0.47,3,2,0.67116,5,27722.3008
500,60000,4.7,25,0.67,0.47,3,2,0.67116,6,26102.3809
500,60000,4.7,25,0.67,0.47,3,2,0.67116,7,29001.1191
500,60000,4.7,25,0.67,0.47,3,2,0.67116,8,35200.1602
500,60000,4.7,25,0.67,0.47,3,2,0.67116,9,33576.0195
500,60000,4.7,25,0.67,0.47,3,2,0.67116,10,31890.4492
500,60000,4.7,25,0.67,0.47,3,2,0.67116,11,42500
500,60000,4.7,25,0.67,0.47,3,2,0.67116,12,34300
500,60000,4.7,30,0.67,0.47,3,2,0.67116,1,0
500,60000,4.7,30,0.67,0.47,3,2,0.67116,2,33667.1914
500,60000,4.7,30,0.67,0.47,3,2,0.67116,3,31507.0703
500,60000,4.7,30,0.67,0.47,3,2,0.67116,4,35263.4609
500,60000,4.7,30,0.67,0.47,3,2,0.67116,5,36188.6289
500,60000,4.7,30,0.67,0.47,3,2,0.67116,6,33704.3281
500,60000,4.7,30,0.67,0.47,3,2,0.67116,7,36430.3008
500,60000,4.7,30,0.67,0.47,3,2,0.67116,8,42722.6719
500,60000,4.7,30,0.67,0.47,3,2,0.67116,9,41078.6094
500,60000,4.7,30,0.67,0.47,3,2,0.67116,10,47775.2383
500,60000,4.7,30,0.67,0.47,3,2,0.67116,11,43000
500,60000,4.7,30,0.67,0.47,3,2,0.67116,12,42700
500,60000,4.7,35,0.67,0.47,3,2,0.67116,1,0
500,60000,4.7,35,0.67,0.47,3,2,0.67116,2,36078.8906
500,60000,4.7,35,0.67,0.47,3,2,0.67116,3,37815.1211
500,60000,4.7,35,0.67,0.47,3,2,0.67116,4,38949.6289
500,60000,4.7,35,0.67,0.47,3,2,0.67116,5,39911.8594
500,60000,4.7,35,0.67,0.47,3,2,0.67116,6,38282.7891
500,60000,4.7,35,0.67,0.47,3,2,0.67116,7,42247.2188
500,60000,4.7,35,0.67,0.47,3,2,0.67116,8,56832.1289
500,60000,4.7,35,0.67,0.47,3,2,0.67116,9,45235
500,60000,4.7,35,0.67,0.47,3,2,0.67116,10,50958.5703
500,60000,4.7,35,0.67,0.47,3,2,0.67116,11,60000
500,60000,4.7,35,0.67,0.47,3,2,0.67116,12,60200
500,60000,4.7,37.5,0.67,0.47,2.5,2.5,0.58892,1,0
500,60000,4.7,37.5,0.67,0.47,2.5,2.5,0.58892,2,45180.9219
500,60000,4.7,37.5,0.67,0.47,2.5,2.5,0.58892,3,42010.1289
500,60000,4.7,37.5,0.67,0.47,2.5,2.5,0.58892,4,42749.8516
500,60000,4.7,37.5,0.67,0.47,2.5,2.5,0.58892,5,38256.5781
500,60000,4.7,37.5,0.67,0.47,2.5,2.5,0.58892,6,42944.4102
500,60000,4.7,37.5,0.67,0.47,2.5,2.5,0.58892,7,55658.1094
500,60000,4.7,37.5,0.67,0.47,2.5,2.5,0.58892,8,53667.1094
500,60000,4.7,37.5,0.67,0.47,2.5,2.5,0.58892,9,55457.5586
500,60000,4.7,37.5,0.67,0.47,2.5,2.5,0.58892,10,59465.0313
500,60000,4.7,37.5,0.67,0.47,2.5,2.5,0.58892,11,62314
500,60000,4.7,37.5,0.67,0.47,2.5,2.5,0.58892,12,64281.7617
